"","OTU","Sample","Abundance","BarcodeSequence","LinkerPrimerSequence","Barcode_right","Index.Number","number","code","site_name","site_host","site_code","description","location","city","state","comment","lat","long","elev","date","Description","Kingdom","Phylum","Class","Order","Family","Genus","Species"
"70","OTU_5","INV",56439,2.75,1,4.55,111.3,10.5,3.3,3.3,1.25,1,3.2,3.4,2.9,2.45,3.35,1.35,1.55,2.85,2.45,10.5,"k__Fungi","p__Ascomycota","c__Sordariomycetes","o__Hypocreales","f__Clavicipitaceae","g__unidentified","s__Clavicipitaceae_sp"
"13","OTU_14","INV",47872,2.75,1,4.55,111.3,10.5,3.3,3.3,1.25,1,3.2,3.4,2.9,2.45,3.35,1.35,1.55,2.85,2.45,10.5,"k__Fungi","p__Ascomycota","c__Sordariomycetes","o__Hypocreales","f__Hypocreaceae","g__Acrostalagmus","s__Acrostalagmus_luteoalbus"
"73","OTU_53","INV",45861,2.75,1,4.55,111.3,10.5,3.3,3.3,1.25,1,3.2,3.4,2.9,2.45,3.35,1.35,1.55,2.85,2.45,10.5,"k__Fungi","p__Ascomycota","c__Sordariomycetes","o__Hypocreales","f__unidentified","g__unidentified","s__Hypocreales_sp"
"6","OTU_12","INV",39873,2.75,1,4.55,111.3,10.5,3.3,3.3,1.25,1,3.2,3.4,2.9,2.45,3.35,1.35,1.55,2.85,2.45,10.5,"k__Fungi","p__Ascomycota","c__Sordariomycetes","o__Hypocreales","f__unidentified","g__unidentified","s__Hypocreales_sp"
"55","OTU_38","INV",35473,2.75,1,4.55,111.3,10.5,3.3,3.3,1.25,1,3.2,3.4,2.9,2.45,3.35,1.35,1.55,2.85,2.45,10.5,"k__Fungi","p__Basidiomycota","c__Tremellomycetes","o__Trichosporonales","f__Trichosporonaceae","g__Trichosporon","s__Trichosporon_moniliiforme"
"98","OTU_9","INV",21605,2.75,1,4.55,111.3,10.5,3.3,3.3,1.25,1,3.2,3.4,2.9,2.45,3.35,1.35,1.55,2.85,2.45,10.5,"k__Fungi","p__Ascomycota","c__Dothideomycetes","o__Dothideomycetidae_ord_Incertae_sedis","f__Eremomycetaceae","g__Arthrographis","s__Arthrographis_curvata"
"3","OTU_115","INV",20374,2.75,1,4.55,111.3,10.5,3.3,3.3,1.25,1,3.2,3.4,2.9,2.45,3.35,1.35,1.55,2.85,2.45,10.5,"k__Fungi","p__Ascomycota","c__Eurotiomycetes","o__Onygenales","f__Onygenales_fam_Incertae_sedis","g__Arthropsis","s__Arthropsis_hispanica"
"47","OTU_32","INV",14360,2.75,1,4.55,111.3,10.5,3.3,3.3,1.25,1,3.2,3.4,2.9,2.45,3.35,1.35,1.55,2.85,2.45,10.5,"k__Fungi","p__Ascomycota","c__Sordariomycetes","o__Hypocreales","f__Clavicipitaceae","g__Metarhizium","s__Metarhizium_marquandii"
"49","OTU_34","INV",13708,2.75,1,4.55,111.3,10.5,3.3,3.3,1.25,1,3.2,3.4,2.9,2.45,3.35,1.35,1.55,2.85,2.45,10.5,"k__Fungi","p__Ascomycota","c__Sordariomycetes","o__Hypocreales","f__Clavicipitaceae","g__Metarhizium","s__Metarhizium_anisopliae"
"32","OTU_22","INV",13679,2.75,1,4.55,111.3,10.5,3.3,3.3,1.25,1,3.2,3.4,2.9,2.45,3.35,1.35,1.55,2.85,2.45,10.5,"k__Fungi","p__Ascomycota","c__unidentified","o__unidentified","f__unidentified","g__unidentified","s__Ascomycota_sp"
"64","OTU_46","INV",13044,2.75,1,4.55,111.3,10.5,3.3,3.3,1.25,1,3.2,3.4,2.9,2.45,3.35,1.35,1.55,2.85,2.45,10.5,"k__Fungi","p__Ascomycota","c__Sordariomycetes","o__unidentified","f__unidentified","g__unidentified","s__Sordariomycetes_sp"
"92","OTU_77","INV",11107,2.75,1,4.55,111.3,10.5,3.3,3.3,1.25,1,3.2,3.4,2.9,2.45,3.35,1.35,1.55,2.85,2.45,10.5,"k__Fungi","p__Basidiomycota","c__unidentified","o__unidentified","f__unidentified","g__unidentified","s__Basidiomycota_sp"
"84","OTU_65","INV",9891,2.75,1,4.55,111.3,10.5,3.3,3.3,1.25,1,3.2,3.4,2.9,2.45,3.35,1.35,1.55,2.85,2.45,10.5,"k__Fungi","p__Ascomycota","c__Eurotiomycetes","o__Chaetothyriales","f__unidentified","g__unidentified","s__Chaetothyriales_sp"
"38","OTU_24","INV",9483,2.75,1,4.55,111.3,10.5,3.3,3.3,1.25,1,3.2,3.4,2.9,2.45,3.35,1.35,1.55,2.85,2.45,10.5,"k__Fungi","p__Ascomycota","c__Sordariomycetes","o__unidentified","f__unidentified","g__unidentified","s__Sordariomycetes_sp"
"94","OTU_84","INV",9341,2.75,1,4.55,111.3,10.5,3.3,3.3,1.25,1,3.2,3.4,2.9,2.45,3.35,1.35,1.55,2.85,2.45,10.5,"k__Fungi","p__Ascomycota","c__Sordariomycetes","o__Hypocreales","f__Nectriaceae","g__Fusarium","s__Fusarium_pseudensiforme"
"62","OTU_44","INV",8479,2.75,1,4.55,111.3,10.5,3.3,3.3,1.25,1,3.2,3.4,2.9,2.45,3.35,1.35,1.55,2.85,2.45,10.5,"k__Fungi","p__Ascomycota","c__Eurotiomycetes","o__Eurotiales","f__Trichocomaceae","g__Penicillium","s__Penicillium_nodositatum"
"11","OTU_136","INV",8007,2.75,1,4.55,111.3,10.5,3.3,3.3,1.25,1,3.2,3.4,2.9,2.45,3.35,1.35,1.55,2.85,2.45,10.5,"k__Fungi","p__Ascomycota","c__Archaeorhizomycetes","o__Archaeorhizomycetales","f__Archaeorhizomycetaceae","g__Archaeorhizomyces","s__Archaeorhizomyces_sp"
"27","OTU_19","INV",7590,2.75,1,4.55,111.3,10.5,3.3,3.3,1.25,1,3.2,3.4,2.9,2.45,3.35,1.35,1.55,2.85,2.45,10.5,"k__Fungi","p__Ascomycota","c__Eurotiomycetes","o__Eurotiales","f__Trichocomaceae","g__Penicillium","s__Penicillium_thomii"
"76","OTU_57","INV",6652,2.75,1,4.55,111.3,10.5,3.3,3.3,1.25,1,3.2,3.4,2.9,2.45,3.35,1.35,1.55,2.85,2.45,10.5,"k__Fungi","p__Basidiomycota","c__Wallemiomycetes","o__Geminibasidiales","f__Geminibasidiaceae","g__Geminibasidium","s__Geminibasidium_sp"
"57","OTU_39","INV",6219,2.75,1,4.55,111.3,10.5,3.3,3.3,1.25,1,3.2,3.4,2.9,2.45,3.35,1.35,1.55,2.85,2.45,10.5,"k__Fungi","p__Ascomycota","c__Sordariomycetes","o__Hypocreales","f__Hypocreales_fam_Incertae_sedis","g__Trichothecium","s__Trichothecium_crotocinigenum"
"77","OTU_571","INV",5446,2.75,1,4.55,111.3,10.5,3.3,3.3,1.25,1,3.2,3.4,2.9,2.45,3.35,1.35,1.55,2.85,2.45,10.5,"k__Fungi","p__Basidiomycota","c__Agaricomycetes","o__Agaricales","f__unidentified","g__unidentified","s__Agaricales_sp"
"44","OTU_30","INV",5381,2.75,1,4.55,111.3,10.5,3.3,3.3,1.25,1,3.2,3.4,2.9,2.45,3.35,1.35,1.55,2.85,2.45,10.5,"k__Fungi","p__Ascomycota","c__Sordariomycetes","o__Hypocreales","f__Hypocreales_fam_Incertae_sedis","g__Sarocladium","s__Sarocladium_strictum"
"21","OTU_16","INV",5083,2.75,1,4.55,111.3,10.5,3.3,3.3,1.25,1,3.2,3.4,2.9,2.45,3.35,1.35,1.55,2.85,2.45,10.5,"k__Fungi","p__Ascomycota","c__Eurotiomycetes","o__Eurotiales","f__Trichocomaceae","g__Penicillium","s__Penicillium_wotroi"
"83","OTU_634","INV",4831,2.75,1,4.55,111.3,10.5,3.3,3.3,1.25,1,3.2,3.4,2.9,2.45,3.35,1.35,1.55,2.85,2.45,10.5,"k__Fungi","p__Basidiomycota","c__Agaricomycetes","o__Agaricales","f__unidentified","g__unidentified","s__Agaricales_sp"
"96","OTU_89","INV",4577,2.75,1,4.55,111.3,10.5,3.3,3.3,1.25,1,3.2,3.4,2.9,2.45,3.35,1.35,1.55,2.85,2.45,10.5,"k__Fungi","p__Ascomycota","c__Eurotiomycetes","o__Eurotiales","f__Trichocomaceae","g__Penicillium","s__Penicillium_parviverrucosum"
"10","OTU_133","INV",4426,2.75,1,4.55,111.3,10.5,3.3,3.3,1.25,1,3.2,3.4,2.9,2.45,3.35,1.35,1.55,2.85,2.45,10.5,"k__Fungi","p__Ascomycota","c__Sordariomycetes","o__Hypocreales","f__Clavicipitaceae","g__Metacordyceps","s__Metacordyceps_chlamydosporia"
"54","OTU_37","INV",4172,2.75,1,4.55,111.3,10.5,3.3,3.3,1.25,1,3.2,3.4,2.9,2.45,3.35,1.35,1.55,2.85,2.45,10.5,"k__Fungi","p__Ascomycota","c__Sordariomycetes","o__Hypocreales","f__Cordycipitaceae","g__Lecanicillium","s__Lecanicillium_primulinum"
"50","OTU_342","INV",4073,2.75,1,4.55,111.3,10.5,3.3,3.3,1.25,1,3.2,3.4,2.9,2.45,3.35,1.35,1.55,2.85,2.45,10.5,"k__Fungi","p__Ascomycota","c__Sordariomycetes","o__Hypocreales","f__Cordycipitaceae","g__Simplicillium","s__Simplicillium_aogashimaense"
"9","OTU_13","INV",4024,2.75,1,4.55,111.3,10.5,3.3,3.3,1.25,1,3.2,3.4,2.9,2.45,3.35,1.35,1.55,2.85,2.45,10.5,"k__Fungi","p__Ascomycota","c__Sordariomycetes","o__Hypocreales","f__Cordycipitaceae","g__Simplicillium","s__Simplicillium_minatense"
"18","OTU_15","INV",3759,2.75,1,4.55,111.3,10.5,3.3,3.3,1.25,1,3.2,3.4,2.9,2.45,3.35,1.35,1.55,2.85,2.45,10.5,"k__Fungi","p__Ascomycota","c__Sordariomycetes","o__Hypocreales","f__Hypocreales_fam_Incertae_sedis","g__Sarocladium","s__Sarocladium_kiliense"
"88","OTU_70","INV",3740,2.75,1,4.55,111.3,10.5,3.3,3.3,1.25,1,3.2,3.4,2.9,2.45,3.35,1.35,1.55,2.85,2.45,10.5,"k__Fungi","p__Ascomycota","c__Leotiomycetes","o__Helotiales","f__Dermateaceae","g__unidentified","s__Dermateaceae_sp"
"25","OTU_179","INV",2878,2.75,1,4.55,111.3,10.5,3.3,3.3,1.25,1,3.2,3.4,2.9,2.45,3.35,1.35,1.55,2.85,2.45,10.5,"k__Fungi","p__Ascomycota","c__Sordariomycetes","o__Hypocreales","f__Nectriaceae","g__unidentified","s__Nectriaceae_sp"
"4","OTU_116","INV",2838,2.75,1,4.55,111.3,10.5,3.3,3.3,1.25,1,3.2,3.4,2.9,2.45,3.35,1.35,1.55,2.85,2.45,10.5,"k__Fungi","p__unidentified","c__unidentified","o__unidentified","f__unidentified","g__unidentified","s__Fungi_sp"
"17","OTU_1460","INV",2818,2.75,1,4.55,111.3,10.5,3.3,3.3,1.25,1,3.2,3.4,2.9,2.45,3.35,1.35,1.55,2.85,2.45,10.5,"k__Fungi","p__Basidiomycota","c__Agaricomycetes","o__Cantharellales","f__Clavulinaceae","g__Clavulina","s__Clavulina_sp"
"22","OTU_165","INV",2771,2.75,1,4.55,111.3,10.5,3.3,3.3,1.25,1,3.2,3.4,2.9,2.45,3.35,1.35,1.55,2.85,2.45,10.5,"k__Fungi","p__Ascomycota","c__unidentified","o__unidentified","f__unidentified","g__unidentified","s__Ascomycota_sp"
"67","OTU_48","INV",2764,2.75,1,4.55,111.3,10.5,3.3,3.3,1.25,1,3.2,3.4,2.9,2.45,3.35,1.35,1.55,2.85,2.45,10.5,"k__Fungi","p__Ascomycota","c__Sordariomycetes","o__unidentified","f__unidentified","g__unidentified","s__Sordariomycetes_sp"
"1","OTU_103","INV",2692,2.75,1,4.55,111.3,10.5,3.3,3.3,1.25,1,3.2,3.4,2.9,2.45,3.35,1.35,1.55,2.85,2.45,10.5,"k__Fungi","p__Basidiomycota","c__Agaricomycetes","o__Boletales","f__Rhizopogonaceae","g__Rhizopogon","s__Rhizopogon_verii"
"75","OTU_55","INV",2409,2.75,1,4.55,111.3,10.5,3.3,3.3,1.25,1,3.2,3.4,2.9,2.45,3.35,1.35,1.55,2.85,2.45,10.5,"k__Fungi","p__Ascomycota","c__Eurotiomycetes","o__Eurotiales","f__Trichocomaceae","g__Penicillium","s__Penicillium_restrictum"
"48","OTU_33","INV",2339,2.75,1,4.55,111.3,10.5,3.3,3.3,1.25,1,3.2,3.4,2.9,2.45,3.35,1.35,1.55,2.85,2.45,10.5,"k__Fungi","p__Ascomycota","c__Sordariomycetes","o__Xylariales","f__Xylariales_fam_Incertae_sedis","g__Monographella","s__Monographella_cucumerina"
"5","OTU_119","INV",2330,2.75,1,4.55,111.3,10.5,3.3,3.3,1.25,1,3.2,3.4,2.9,2.45,3.35,1.35,1.55,2.85,2.45,10.5,"k__Fungi","p__Ascomycota","c__Sordariomycetes","o__Hypocreales","f__Cordycipitaceae","g__Cordyceps","s__Cordyceps_bassiana"
"40","OTU_268","INV",2171,2.75,1,4.55,111.3,10.5,3.3,3.3,1.25,1,3.2,3.4,2.9,2.45,3.35,1.35,1.55,2.85,2.45,10.5,"k__Fungi","p__Ascomycota","c__Archaeorhizomycetes","o__Archaeorhizomycetales","f__Archaeorhizomycetaceae","g__Archaeorhizomyces","s__Archaeorhizomyces_sp"
"2","OTU_113","INV",2169,2.75,1,4.55,111.3,10.5,3.3,3.3,1.25,1,3.2,3.4,2.9,2.45,3.35,1.35,1.55,2.85,2.45,10.5,"k__Fungi","p__Ascomycota","c__Sordariomycetes","o__unidentified","f__unidentified","g__unidentified","s__Sordariomycetes_sp"
"36","OTU_2350","INV",2133,2.75,1,4.55,111.3,10.5,3.3,3.3,1.25,1,3.2,3.4,2.9,2.45,3.35,1.35,1.55,2.85,2.45,10.5,"k__Fungi","p__Basidiomycota","c__Agaricomycetes","o__Cantharellales","f__Clavulinaceae","g__Clavulina","s__Clavulina_sp"
"99","OTU_91","INV",2096,2.75,1,4.55,111.3,10.5,3.3,3.3,1.25,1,3.2,3.4,2.9,2.45,3.35,1.35,1.55,2.85,2.45,10.5,"k__Fungi","p__Ascomycota","c__Sordariomycetes","o__Sordariales","f__Sordariaceae","g__Neurospora","s__Neurospora_terricola"
"82","OTU_615","INV",2062,2.75,1,4.55,111.3,10.5,3.3,3.3,1.25,1,3.2,3.4,2.9,2.45,3.35,1.35,1.55,2.85,2.45,10.5,"k__Fungi","p__Ascomycota","c__Sordariomycetes","o__Hypocreales","f__Cordycipitaceae","g__Beauveria","s__Beauveria_amorpha"
"30","OTU_213","INV",1994,2.75,1,4.55,111.3,10.5,3.3,3.3,1.25,1,3.2,3.4,2.9,2.45,3.35,1.35,1.55,2.85,2.45,10.5,"k__Fungi","p__Ascomycota","c__Eurotiomycetes","o__Chaetothyriales","f__Herpotrichiellaceae","g__Cladophialophora","s__Cladophialophora_sp"
"89","OTU_71","INV",1912,2.75,1,4.55,111.3,10.5,3.3,3.3,1.25,1,3.2,3.4,2.9,2.45,3.35,1.35,1.55,2.85,2.45,10.5,"k__Fungi","p__Ascomycota","c__Eurotiomycetes","o__Eurotiales","f__Trichocomaceae","g__Penicillium","s__Penicillium_sp"
"35","OTU_23","INV",1894,2.75,1,4.55,111.3,10.5,3.3,3.3,1.25,1,3.2,3.4,2.9,2.45,3.35,1.35,1.55,2.85,2.45,10.5,"k__Fungi","p__Ascomycota","c__Sordariomycetes","o__Hypocreales","f__Ophiocordycipitaceae","g__Purpureocillium","s__Purpureocillium_lavendulum"
"85","OTU_66","INV",1869,2.75,1,4.55,111.3,10.5,3.3,3.3,1.25,1,3.2,3.4,2.9,2.45,3.35,1.35,1.55,2.85,2.45,10.5,"k__Fungi","p__Ascomycota","c__Eurotiomycetes","o__Eurotiales","f__Trichocomaceae","g__Penicillium","s__Penicillium_limosum"
"43","OTU_297","INV",1839,2.75,1,4.55,111.3,10.5,3.3,3.3,1.25,1,3.2,3.4,2.9,2.45,3.35,1.35,1.55,2.85,2.45,10.5,"k__Fungi","p__Ascomycota","c__Archaeorhizomycetes","o__Archaeorhizomycetales","f__Archaeorhizomycetaceae","g__Archaeorhizomyces","s__Archaeorhizomyces_sp"
"34","OTU_227","INV",1793,2.75,1,4.55,111.3,10.5,3.3,3.3,1.25,1,3.2,3.4,2.9,2.45,3.35,1.35,1.55,2.85,2.45,10.5,"k__Fungi","p__Ascomycota","c__Dothideomycetes","o__Pleosporales","f__Pleosporales_fam_Incertae_sedis","g__Stagonosporopsis","s__Stagonosporopsis_sp"
"78","OTU_597","INV",1682,2.75,1,4.55,111.3,10.5,3.3,3.3,1.25,1,3.2,3.4,2.9,2.45,3.35,1.35,1.55,2.85,2.45,10.5,"k__Fungi","p__Ascomycota","c__Sordariomycetes","o__Hypocreales","f__unidentified","g__unidentified","s__Hypocreales_sp"
"8","OTU_1289","INV",1600,2.75,1,4.55,111.3,10.5,3.3,3.3,1.25,1,3.2,3.4,2.9,2.45,3.35,1.35,1.55,2.85,2.45,10.5,"k__Fungi","p__Basidiomycota","c__Ustilaginomycetes","o__Ustilaginales","f__Ustilaginaceae","g__Sporisorium","s__Sporisorium_puellare"
"60","OTU_42","INV",1600,2.75,1,4.55,111.3,10.5,3.3,3.3,1.25,1,3.2,3.4,2.9,2.45,3.35,1.35,1.55,2.85,2.45,10.5,"k__Fungi","p__Ascomycota","c__Sordariomycetes","o__Hypocreales","f__Hypocreales_fam_Incertae_sedis","g__Ilyonectria","s__Ilyonectria_mors-panacis"
"31","OTU_2199","INV",1598,2.75,1,4.55,111.3,10.5,3.3,3.3,1.25,1,3.2,3.4,2.9,2.45,3.35,1.35,1.55,2.85,2.45,10.5,"k__Fungi","p__Ascomycota","c__Eurotiomycetes","o__Onygenales","f__Ajellomycetaceae","g__Spiromastix","s__Spiromastix_warcupii"
"28","OTU_190","INV",1584,2.75,1,4.55,111.3,10.5,3.3,3.3,1.25,1,3.2,3.4,2.9,2.45,3.35,1.35,1.55,2.85,2.45,10.5,"k__Fungi","p__unidentified","c__unidentified","o__unidentified","f__unidentified","g__unidentified","s__Fungi_sp"
"42","OTU_291","INV",1538,2.75,1,4.55,111.3,10.5,3.3,3.3,1.25,1,3.2,3.4,2.9,2.45,3.35,1.35,1.55,2.85,2.45,10.5,"k__Fungi","p__Ascomycota","c__Saccharomycetes","o__Saccharomycetales","f__unidentified","g__unidentified","s__Saccharomycetales_sp"
"37","OTU_239","INV",1457,2.75,1,4.55,111.3,10.5,3.3,3.3,1.25,1,3.2,3.4,2.9,2.45,3.35,1.35,1.55,2.85,2.45,10.5,"k__Fungi","p__Basidiomycota","c__Agaricomycetes","o__Agaricales","f__Inocybaceae","g__Inocybe","s__Inocybe_sp"
"80","OTU_60","INV",1452,2.75,1,4.55,111.3,10.5,3.3,3.3,1.25,1,3.2,3.4,2.9,2.45,3.35,1.35,1.55,2.85,2.45,10.5,"k__Fungi","p__Ascomycota","c__Sordariomycetes","o__Hypocreales","f__Ophiocordycipitaceae","g__Purpureocillium","s__Purpureocillium_lilacinum"
"15","OTU_143","INV",1423,2.75,1,4.55,111.3,10.5,3.3,3.3,1.25,1,3.2,3.4,2.9,2.45,3.35,1.35,1.55,2.85,2.45,10.5,"k__Fungi","p__Ascomycota","c__Sordariomycetes","o__Hypocreomycetidae_ord_Incertae_sedis","f__Plectosphaerellaceae","g__Verticillium","s__Verticillium_leptobactrum"
"87","OTU_683","INV",1367,2.75,1,4.55,111.3,10.5,3.3,3.3,1.25,1,3.2,3.4,2.9,2.45,3.35,1.35,1.55,2.85,2.45,10.5,"k__Fungi","p__Ascomycota","c__Sordariomycetes","o__Hypocreales","f__Nectriaceae","g__Fusarium","s__Fusarium_solani"
"20","OTU_157","INV",1286,2.75,1,4.55,111.3,10.5,3.3,3.3,1.25,1,3.2,3.4,2.9,2.45,3.35,1.35,1.55,2.85,2.45,10.5,"k__Fungi","p__Ascomycota","c__Eurotiomycetes","o__Eurotiales","f__Trichocomaceae","g__Aspergillus","s__Aspergillus_polyporicola"
"46","OTU_318","INV",1253,2.75,1,4.55,111.3,10.5,3.3,3.3,1.25,1,3.2,3.4,2.9,2.45,3.35,1.35,1.55,2.85,2.45,10.5,"k__Fungi","p__Ascomycota","c__Sordariomycetes","o__Hypocreales","f__Cordycipitaceae","g__Lecanicillium","s__Lecanicillium_fusisporum"
"81","OTU_61","INV",1213,2.75,1,4.55,111.3,10.5,3.3,3.3,1.25,1,3.2,3.4,2.9,2.45,3.35,1.35,1.55,2.85,2.45,10.5,"k__Fungi","p__Ascomycota","c__unidentified","o__unidentified","f__unidentified","g__unidentified","s__Ascomycota_sp"
"53","OTU_367","INV",1186,2.75,1,4.55,111.3,10.5,3.3,3.3,1.25,1,3.2,3.4,2.9,2.45,3.35,1.35,1.55,2.85,2.45,10.5,"k__Fungi","p__Ascomycota","c__Eurotiomycetes","o__Chaetothyriales","f__Herpotrichiellaceae","g__unidentified","s__Herpotrichiellaceae_sp"
"39","OTU_25","INV",1163,2.75,1,4.55,111.3,10.5,3.3,3.3,1.25,1,3.2,3.4,2.9,2.45,3.35,1.35,1.55,2.85,2.45,10.5,"k__Fungi","p__Ascomycota","c__Sordariomycetes","o__Hypocreales","f__Bionectriaceae","g__Clonostachys","s__Clonostachys_candelabrum"
"91","OTU_74","INV",1163,2.75,1,4.55,111.3,10.5,3.3,3.3,1.25,1,3.2,3.4,2.9,2.45,3.35,1.35,1.55,2.85,2.45,10.5,"k__Fungi","p__Ascomycota","c__Sordariomycetes","o__Hypocreales","f__Clavicipitaceae","g__Metarhizium","s__Metarhizium_marquandii"
"24","OTU_177","INV",1162,2.75,1,4.55,111.3,10.5,3.3,3.3,1.25,1,3.2,3.4,2.9,2.45,3.35,1.35,1.55,2.85,2.45,10.5,"k__Fungi","p__Ascomycota","c__Eurotiomycetes","o__Chaetothyriales","f__Herpotrichiellaceae","g__Cladophialophora","s__Cladophialophora_chaetospira"
"90","OTU_72","INV",1131,2.75,1,4.55,111.3,10.5,3.3,3.3,1.25,1,3.2,3.4,2.9,2.45,3.35,1.35,1.55,2.85,2.45,10.5,"k__Fungi","p__Ascomycota","c__Sordariomycetes","o__Hypocreales","f__Hypocreales_fam_Incertae_sedis","g__Ilyonectria","s__Ilyonectria_sp"
"68","OTU_487","INV",1124,2.75,1,4.55,111.3,10.5,3.3,3.3,1.25,1,3.2,3.4,2.9,2.45,3.35,1.35,1.55,2.85,2.45,10.5,"k__Fungi","p__Rozellomycota","c__unidentified","o__unidentified","f__unidentified","g__unidentified","s__Rozellomycota_sp"
"100","OTU_93","INV",1038,2.75,1,4.55,111.3,10.5,3.3,3.3,1.25,1,3.2,3.4,2.9,2.45,3.35,1.35,1.55,2.85,2.45,10.5,"k__Fungi","p__Ascomycota","c__Sordariomycetes","o__Microascales","f__Microascaceae","g__unidentified","s__Microascaceae_sp"
"93","OTU_784","INV",1033,2.75,1,4.55,111.3,10.5,3.3,3.3,1.25,1,3.2,3.4,2.9,2.45,3.35,1.35,1.55,2.85,2.45,10.5,"k__Fungi","p__Ascomycota","c__Sordariomycetes","o__Hypocreales","f__unidentified","g__unidentified","s__Hypocreales_sp"
"23","OTU_172","INV",992,2.75,1,4.55,111.3,10.5,3.3,3.3,1.25,1,3.2,3.4,2.9,2.45,3.35,1.35,1.55,2.85,2.45,10.5,"k__Fungi","p__Ascomycota","c__Eurotiomycetes","o__Chaetothyriales","f__Herpotrichiellaceae","g__Exophiala","s__Exophiala_castellanii"
"45","OTU_310","INV",944,2.75,1,4.55,111.3,10.5,3.3,3.3,1.25,1,3.2,3.4,2.9,2.45,3.35,1.35,1.55,2.85,2.45,10.5,"k__Fungi","p__unidentified","c__unidentified","o__unidentified","f__unidentified","g__unidentified","s__Fungi_sp"
"69","OTU_492","INV",924,2.75,1,4.55,111.3,10.5,3.3,3.3,1.25,1,3.2,3.4,2.9,2.45,3.35,1.35,1.55,2.85,2.45,10.5,"k__Fungi","p__Ascomycota","c__Dothideomycetes","o__Dothideomycetidae_ord_Incertae_sedis","f__Eremomycetaceae","g__Arthrographis","s__Arthrographis_kalrae"
"58","OTU_40","INV",920,2.75,1,4.55,111.3,10.5,3.3,3.3,1.25,1,3.2,3.4,2.9,2.45,3.35,1.35,1.55,2.85,2.45,10.5,"k__Fungi","p__Zygomycota","c__Mortierellomycotina_cls_Incertae_sedis","o__Mortierellales","f__Mortierellaceae","g__Mortierella","s__Mortierella_horticola"
"7","OTU_121","INV",875,2.75,1,4.55,111.3,10.5,3.3,3.3,1.25,1,3.2,3.4,2.9,2.45,3.35,1.35,1.55,2.85,2.45,10.5,"k__Fungi","p__Ascomycota","c__Sordariomycetes","o__Hypocreales","f__Hypocreaceae","g__Trichoderma","s__Trichoderma_koningiopsis"
"61","OTU_422","INV",872,2.75,1,4.55,111.3,10.5,3.3,3.3,1.25,1,3.2,3.4,2.9,2.45,3.35,1.35,1.55,2.85,2.45,10.5,"k__Fungi","p__Basidiomycota","c__Tremellomycetes","o__Tremellales","f__Tremellales_fam_Incertae_sedis","g__Cryptococcus","s__Cryptococcus_antarcticus"
"56","OTU_3868","INV",860,2.75,1,4.55,111.3,10.5,3.3,3.3,1.25,1,3.2,3.4,2.9,2.45,3.35,1.35,1.55,2.85,2.45,10.5,"k__Fungi","p__Basidiomycota","c__Agaricomycetes","o__Boletales","f__Sclerodermataceae","g__Scleroderma","s__Scleroderma_albidum"
"51","OTU_35","INV",855,2.75,1,4.55,111.3,10.5,3.3,3.3,1.25,1,3.2,3.4,2.9,2.45,3.35,1.35,1.55,2.85,2.45,10.5,"k__Fungi","p__Zygomycota","c__Mortierellomycotina_cls_Incertae_sedis","o__Mortierellales","f__Mortierellaceae","g__Mortierella","s__Mortierella_amoeboidea"
"12","OTU_139","INV",845,2.75,1,4.55,111.3,10.5,3.3,3.3,1.25,1,3.2,3.4,2.9,2.45,3.35,1.35,1.55,2.85,2.45,10.5,"k__Fungi","p__Zygomycota","c__Mortierellomycotina_cls_Incertae_sedis","o__Mortierellales","f__Mortierellaceae","g__Mortierella","s__Mortierella_gamsii"
"86","OTU_68","INV",843,2.75,1,4.55,111.3,10.5,3.3,3.3,1.25,1,3.2,3.4,2.9,2.45,3.35,1.35,1.55,2.85,2.45,10.5,"k__Fungi","p__Basidiomycota","c__Tremellomycetes","o__Trichosporonales","f__Trichosporonaceae","g__Trichosporon","s__Trichosporon_dehoogii"
"29","OTU_205","INV",830,2.75,1,4.55,111.3,10.5,3.3,3.3,1.25,1,3.2,3.4,2.9,2.45,3.35,1.35,1.55,2.85,2.45,10.5,"k__Fungi","p__Ascomycota","c__Eurotiomycetes","o__Eurotiales","f__Trichocomaceae","g__Sagenomella","s__Sagenomella_diversispora"
"79","OTU_6","INV",767,2.75,1,4.55,111.3,10.5,3.3,3.3,1.25,1,3.2,3.4,2.9,2.45,3.35,1.35,1.55,2.85,2.45,10.5,"k__Fungi","p__Ascomycota","c__Sordariomycetes","o__Hypocreomycetidae_ord_Incertae_sedis","f__Plectosphaerellaceae","g__Verticillium","s__Verticillium_leptobactrum"
"14","OTU_140","INV",742,2.75,1,4.55,111.3,10.5,3.3,3.3,1.25,1,3.2,3.4,2.9,2.45,3.35,1.35,1.55,2.85,2.45,10.5,"k__Fungi","p__Ascomycota","c__Leotiomycetes","o__Leotiomycetes_ord_Incertae_sedis","f__Leotiomycetes_fam_Incertae_sedis","g__Leohumicola","s__Leohumicola_sp"
"65","OTU_463","INV",721,2.75,1,4.55,111.3,10.5,3.3,3.3,1.25,1,3.2,3.4,2.9,2.45,3.35,1.35,1.55,2.85,2.45,10.5,"k__Fungi","p__Ascomycota","c__Dothideomycetes","o__Dothideomycetidae_ord_Incertae_sedis","f__Eremomycetaceae","g__Arthrographis","s__Arthrographis_curvata"
"66","OTU_4685","INV",709,2.75,1,4.55,111.3,10.5,3.3,3.3,1.25,1,3.2,3.4,2.9,2.45,3.35,1.35,1.55,2.85,2.45,10.5,"k__Fungi","p__Basidiomycota","c__Agaricomycetes","o__Thelephorales","f__Thelephoraceae","g__unidentified","s__Thelephoraceae_sp"
"71","OTU_50","INV",660,2.75,1,4.55,111.3,10.5,3.3,3.3,1.25,1,3.2,3.4,2.9,2.45,3.35,1.35,1.55,2.85,2.45,10.5,"k__Fungi","p__Ascomycota","c__Sordariomycetes","o__Hypocreales","f__unidentified","g__unidentified","s__Hypocreales_sp"
"16","OTU_144","INV",658,2.75,1,4.55,111.3,10.5,3.3,3.3,1.25,1,3.2,3.4,2.9,2.45,3.35,1.35,1.55,2.85,2.45,10.5,"k__Fungi","p__Ascomycota","c__Sordariomycetes","o__Hypocreomycetidae_ord_Incertae_sedis","f__Plectosphaerellaceae","g__Verticillium","s__Verticillium_sp"
"63","OTU_442","INV",656,2.75,1,4.55,111.3,10.5,3.3,3.3,1.25,1,3.2,3.4,2.9,2.45,3.35,1.35,1.55,2.85,2.45,10.5,"k__Fungi","p__Basidiomycota","c__unidentified","o__unidentified","f__unidentified","g__unidentified","s__Basidiomycota_sp"
"97","OTU_891","INV",647,2.75,1,4.55,111.3,10.5,3.3,3.3,1.25,1,3.2,3.4,2.9,2.45,3.35,1.35,1.55,2.85,2.45,10.5,"k__Fungi","p__Chytridiomycota","c__Chytridiomycetes","o__Rhizophydiales","f__Rhizophydiales_fam_Incertae_sedis","g__Operculomyces","s__Operculomyces_laminatus"
"26","OTU_187","INV",624,2.75,1,4.55,111.3,10.5,3.3,3.3,1.25,1,3.2,3.4,2.9,2.45,3.35,1.35,1.55,2.85,2.45,10.5,"k__Fungi","p__Ascomycota","c__Eurotiomycetes","o__Eurotiales","f__Trichocomaceae","g__Penicillium","s__Penicillium_quercetorum"
"33","OTU_221","INV",624,2.75,1,4.55,111.3,10.5,3.3,3.3,1.25,1,3.2,3.4,2.9,2.45,3.35,1.35,1.55,2.85,2.45,10.5,"k__Fungi","p__Ascomycota","c__Sordariomycetes","o__Hypocreales","f__Nectriaceae","g__Mariannaea","s__Mariannaea_elegans"
"41","OTU_278","INV",613,2.75,1,4.55,111.3,10.5,3.3,3.3,1.25,1,3.2,3.4,2.9,2.45,3.35,1.35,1.55,2.85,2.45,10.5,"k__Fungi","p__Zygomycota","c__Mortierellomycotina_cls_Incertae_sedis","o__Mortierellales","f__Mortierellaceae","g__Mortierella","s__Mortierella_sp"
"72","OTU_520","INV",612,2.75,1,4.55,111.3,10.5,3.3,3.3,1.25,1,3.2,3.4,2.9,2.45,3.35,1.35,1.55,2.85,2.45,10.5,"k__Fungi","p__Ascomycota","c__Eurotiomycetes","o__Chaetothyriales","f__Herpotrichiellaceae","g__unidentified","s__Herpotrichiellaceae_sp"
"19","OTU_153","INV",575,2.75,1,4.55,111.3,10.5,3.3,3.3,1.25,1,3.2,3.4,2.9,2.45,3.35,1.35,1.55,2.85,2.45,10.5,"k__Fungi","p__Ascomycota","c__Sordariomycetes","o__Hypocreales","f__Hypocreales_fam_Incertae_sedis","g__Acremonium","s__Acremonium_curvulum"
"95","OTU_868","INV",566,2.75,1,4.55,111.3,10.5,3.3,3.3,1.25,1,3.2,3.4,2.9,2.45,3.35,1.35,1.55,2.85,2.45,10.5,"k__Fungi","p__Chytridiomycota","c__Chytridiomycetes","o__Olpidiales","f__Olpidiaceae","g__Olpidiaster","s__Olpidiaster_brassicae"
"52","OTU_358","INV",565,2.75,1,4.55,111.3,10.5,3.3,3.3,1.25,1,3.2,3.4,2.9,2.45,3.35,1.35,1.55,2.85,2.45,10.5,"k__Fungi","p__Ascomycota","c__Eurotiomycetes","o__Chaetothyriales","f__Herpotrichiellaceae","g__Cladophialophora","s__Cladophialophora_sp"
"59","OTU_41","INV",558,2.75,1,4.55,111.3,10.5,3.3,3.3,1.25,1,3.2,3.4,2.9,2.45,3.35,1.35,1.55,2.85,2.45,10.5,"k__Fungi","p__Zygomycota","c__Mortierellomycotina_cls_Incertae_sedis","o__Mortierellales","f__Mortierellaceae","g__Mortierella","s__Mortierella_rishikesha"
"74","OTU_538","INV",552,2.75,1,4.55,111.3,10.5,3.3,3.3,1.25,1,3.2,3.4,2.9,2.45,3.35,1.35,1.55,2.85,2.45,10.5,"k__Fungi","p__Basidiomycota","c__Agaricomycetes","o__Cantharellales","f__Clavulinaceae","g__Clavulina","s__Clavulina_sp"
